Max AQI,90th Percentile AQI,Median AQI,% Good Days,% Moderate Days,% Unhealthy for Sensitive Groups Days,County_State
74,49,36,0.929368029739777,0.07063197026022305,0.0,"Baldwin, AL"
86,49,26,0.9166666666666666,0.08333333333333333,0.0,"Clay, AL"
90,45,36,0.9615384615384616,0.038461538461538464,0.0,"DeKalb, AL"
47,41,31,1.0,0.0,0.0,"Elmore, AL"
92,46,34,0.935251798561151,0.06474820143884892,0.0,"Etowah, AL"
129,67,48,0.5792349726775956,0.412568306010929,0.00819672131147541,"Jefferson, AL"
75,36,18,0.9666666666666667,0.03333333333333333,0.0,"Lawrence, AL"
88,54,40,0.8434065934065934,0.1565934065934066,0.0,"Madison, AL"
75,58,42,0.735632183908046,0.26436781609195403,0.0,"Mobile, AL"
116,66,52,0.4487534626038781,0.5457063711911357,0.00554016620498615,"Montgomery, AL"
71,52,35,0.8676056338028169,0.1323943661971831,0.0,"Morgan, AL"
99,56,36,0.8191780821917808,0.18082191780821918,0.0,"Russell, AL"
67,46,34,0.9626556016597511,0.03734439834024896,0.0,"Shelby, AL"
70,44,29,0.9661971830985916,0.03380281690140845,0.0,"Sumter, AL"
97,45,31,0.960431654676259,0.039568345323741004,0.0,"Tuscaloosa, AL"
31,22,8,1.0,0.0,0.0,"Aleutians East, AK"
91,48,22,0.912568306010929,0.08743169398907104,0.0,"Anchorage, AK"
56,21,6,0.9940119760479041,0.005988023952095809,0.0,"Bethel, AK"
54,42,33,0.9972067039106145,0.002793296089385475,0.0,"Denali, AK"
170,106,33,0.6967213114754098,0.20218579234972678,0.04644808743169399,"Fairbanks North Star, AK"
101,40,14,0.9501385041551247,0.04709141274238227,0.002770083102493075,"Juneau, AK"
43,15,8,1.0,0.0,0.0,"Kenai Peninsula, AK"
103,45,13,0.9275766016713092,0.06963788300835655,0.002785515320334262,"Matanuska-Susitna, AK"
44,12,5,1.0,0.0,0.0,"North Slope, AK"
58,29,14,0.989010989010989,0.01098901098901099,0.0,"Apache, AZ"
108,61,45,0.7486338797814208,0.2459016393442623,0.00546448087431694,"Cochise, AZ"
93,54,44,0.8415300546448088,0.15846994535519127,0.0,"Coconino, AZ"
174,74,44,0.6994535519125683,0.27049180327868855,0.02185792349726776,"Gila, AZ"
125,58,44,0.8032786885245902,0.1912568306010929,0.00546448087431694,"La Paz, AZ"
282,215,112,0.03825136612021858,0.412568306010929,0.16393442622950818,"Maricopa, AZ"
116,34,18,0.9748603351955307,0.0223463687150838,0.002793296089385475,"Mohave, AZ"
136,54,43,0.8661202185792349,0.1284153005464481,0.00546448087431694,"Navajo, AZ"
277,77,53,0.4207650273224044,0.5437158469945356,0.03278688524590164,"Pima, AZ"
1124,119,72,0.2650273224043716,0.5081967213114754,0.20765027322404372,"Pinal, AZ"
165,69,34,0.6472222222222223,0.3388888888888889,0.011111111111111112,"Santa Cruz, AZ"
119,61,45,0.8006042296072508,0.19637462235649547,0.0030211480362537764,"Yavapai, AZ"
321,69,44,0.7021857923497268,0.2896174863387978,0.00546448087431694,"Yuma, AZ"
82,50,27,0.907563025210084,0.09243697478991597,0.0,"Arkansas, AR"
89,49,28,0.9098360655737705,0.09016393442622951,0.0,"Ashley, AR"
67,40,29,0.9970760233918129,0.0029239766081871343,0.0,"Clark, AR"
115,54,38,0.8442622950819673,0.14754098360655737,0.00819672131147541,"Crittenden, AR"
83,53,29,0.8677685950413223,0.1322314049586777,0.0,"Garland, AR"
77,51,26,0.8934426229508197,0.10655737704918032,0.0,"Jackson, AR"
84,45,35,0.9725274725274725,0.027472527472527472,0.0,"Newton, AR"
84,47,36,0.935933147632312,0.06406685236768803,0.0,"Polk, AR"
132,59,42,0.7513661202185792,0.24316939890710382,0.00546448087431694,"Pulaski, AR"
89,52,34,0.8760330578512396,0.12396694214876033,0.0,"Union, AR"
150,52,39,0.8770491803278688,0.12021857923497267,0.00273224043715847,"Washington, AR"
218,79,43,0.644808743169399,0.3005464480874317,0.02185792349726776,"Alameda, CA"
156,50,37,0.9108635097493036,0.0807799442896936,0.005571030640668524,"Amador, CA"
379,110,51,0.5,0.39344262295081966,0.04918032786885246,"Butte, CA"
192,77,44,0.7142857142857143,0.22252747252747251,0.027472527472527472,"Calaveras, CA"
198,86,38,0.674863387978142,0.23770491803278687,0.02459016393442623,"Colusa, CA"
197,72,41,0.7049180327868853,0.2459016393442623,0.01912568306010929,"Contra Costa, CA"
220,55,32,0.8493150684931506,0.11986301369863013,0.0136986301369863,"Del Norte, CA"
190,90,43,0.7049180327868853,0.23224043715846995,0.04644808743169399,"El Dorado, CA"
298,153,74,0.2568306010928962,0.4726775956284153,0.16120218579234974,"Fresno, CA"
197,82,43,0.6895604395604396,0.23076923076923078,0.019230769230769232,"Glenn, CA"
109,44,29,0.9098360655737705,0.08196721311475409,0.00819672131147541,"Humboldt, CA"
166,97,58,0.3251366120218579,0.5983606557377049,0.07103825136612021,"Imperial, CA"
684,130,52,0.46994535519125685,0.3797814207650273,0.06284153005464481,"Inyo, CA"
267,145,81,0.21311475409836064,0.43169398907103823,0.2677595628415301,"Kern, CA"
543,124,67,0.2677595628415301,0.5409836065573771,0.14754098360655737,"Kings, CA"
180,43,32,0.9715099715099715,0.017094017094017096,0.002849002849002849,"Lake, CA"
235,165,83,0.16393442622950818,0.46174863387978143,0.2103825136612022,"Los Angeles, CA"
250,113,61,0.3743169398907104,0.4808743169398907,0.09289617486338798,"Madera, CA"
206,57,33,0.8469945355191257,0.1284153005464481,0.01092896174863388,"Marin, CA"
618,111,47,0.5683060109289617,0.3005464480874317,0.07377049180327869,"Mariposa, CA"
456,76,34,0.7650273224043715,0.1721311475409836,0.0273224043715847,"Mendocino, CA"
183,95,53,0.4672131147540984,0.4453551912568306,0.04644808743169399,"Merced, CA"
1928,199,40,0.5765027322404371,0.24316939890710382,0.03551912568306011,"Mono, CA"
250,63,36,0.8169398907103825,0.14207650273224043,0.01092896174863388,"Monterey, CA"
199,62,36,0.8164383561643835,0.14246575342465753,0.019178082191780823,"Napa, CA"
252,90,41,0.73224043715847,0.18032786885245902,0.040983606557377046,"Nevada, CA"
218,108,51,0.48633879781420764,0.4016393442622951,0.07650273224043716,"Orange, CA"
222,108,54,0.4562841530054645,0.43169398907103823,0.0546448087431694,"Placer, CA"
469,146,49,0.5083333333333333,0.3527777777777778,0.044444444444444446,"Plumas, CA"
576,159,87,0.13934426229508196,0.4644808743169399,0.2677595628415301,"Riverside, CA"
200,100,52,0.4808743169398907,0.4207650273224044,0.04644808743169399,"Sacramento, CA"
168,67,39,0.8224043715846995,0.13114754098360656,0.02185792349726776,"San Benito, CA"
236,185,93,0.1366120218579235,0.4180327868852459,0.20765027322404372,"San Bernardino, CA"
192,108,71,0.16393442622950818,0.7021857923497268,0.09562841530054644,"San Diego, CA"
198,62,36,0.7568306010928961,0.22131147540983606,0.00819672131147541,"San Francisco, CA"
195,96,48,0.5382513661202186,0.3770491803278688,0.04371584699453552,"San Joaquin, CA"
292,90,48,0.5765027322404371,0.33879781420765026,0.05737704918032787,"San Luis Obispo, CA"
186,60,35,0.8387978142076503,0.13387978142076504,0.01366120218579235,"San Mateo, CA"
168,66,42,0.7459016393442623,0.2185792349726776,0.02459016393442623,"Santa Barbara, CA"
186,79,44,0.6475409836065574,0.2978142076502732,0.030054644808743168,"Santa Clara, CA"
426,64,34,0.8306010928961749,0.11475409836065574,0.01639344262295082,"Santa Cruz, CA"
166,64,41,0.8060109289617486,0.1721311475409836,0.01639344262295082,"Shasta, CA"
359,61,36,0.8333333333333334,0.10382513661202186,0.0273224043715847,"Siskiyou, CA"
204,76,41,0.7021857923497268,0.2540983606557377,0.02459016393442623,"Solano, CA"
187,53,33,0.8715846994535519,0.1092896174863388,0.00273224043715847,"Sonoma, CA"
189,102,55,0.4262295081967213,0.4726775956284153,0.05737704918032787,"Stanislaus, CA"
303,89,48,0.5683060109289617,0.3469945355191257,0.040983606557377046,"Sutter, CA"
196,93,43,0.680327868852459,0.22950819672131148,0.03278688524590164,"Tehama, CA"
193,79,27,0.7463556851311953,0.17201166180758018,0.03498542274052478,"Trinity, CA"
209,145,79,0.21584699453551912,0.41530054644808745,0.2814207650273224,"Tulare, CA"
143,64,41,0.7847025495750708,0.20113314447592068,0.014164305949008499,"Tuolumne, CA"
174,90,47,0.6147540983606558,0.31420765027322406,0.05737704918032787,"Ventura, CA"
192,84,42,0.6967213114754098,0.226775956284153,0.03825136612021858,"Yolo, CA"
151,72,47,0.6065573770491803,0.36065573770491804,0.030054644808743168,"Adams, CO"
60,30,10,0.9747899159663865,0.025210084033613446,0.0,"Alamosa, CO"
159,76,45,0.6775956284153005,0.2923497267759563,0.02459016393442623,"Arapahoe, CO"
93,58,43,0.8273972602739726,0.1726027397260274,0.0,"Archuleta, CO"
173,84,47,0.592896174863388,0.34972677595628415,0.05191256830601093,"Boulder, CO"
143,71,47,0.7052631578947368,0.2631578947368421,0.031578947368421054,"Clear Creek, CO"
97,51,41,0.8986301369863013,0.10136986301369863,0.0,"Delta, CO"
150,80,50,0.505464480874317,0.44808743169398907,0.04644808743169399,"Denver, CO"
159,80,46,0.6565096952908587,0.296398891966759,0.038781163434903045,"Douglas, CO"
151,74,45,0.6967213114754098,0.28415300546448086,0.01639344262295082,"El Paso, CO"
27,20,11,1.0,0.0,0.0,"Fremont, CO"
122,74,46,0.6967213114754098,0.2896174863387978,0.01366120218579235,"Garfield, CO"
136,67,45,0.7787114845938375,0.19607843137254902,0.025210084033613446,"Gilpin, CO"
108,54,44,0.8348348348348348,0.15915915915915915,0.006006006006006006,"Gunnison, CO"
84,31,5,0.9506172839506173,0.04938271604938271,0.0,"Jackson, CO"
161,90,46,0.6311475409836066,0.29508196721311475,0.06284153005464481,"Jefferson, CO"
101,61,44,0.7841530054644809,0.21311475409836064,0.00273224043715847,"La Plata, CO"
157,87,48,0.6065573770491803,0.34153005464480873,0.04644808743169399,"Larimer, CO"
108,58,44,0.825136612021858,0.16666666666666666,0.00819672131147541,"Mesa, CO"
126,58,44,0.8224043715846995,0.1721311475409836,0.00546448087431694,"Montezuma, CO"
68,33,11,0.9666666666666667,0.03333333333333333,0.0,"Pitkin, CO"
238,42,17,0.9342857142857143,0.054285714285714284,0.002857142857142857,"Prowers, CO"
63,45,19,0.9479166666666666,0.052083333333333336,0.0,"Pueblo, CO"
115,54,42,0.852054794520548,0.13972602739726028,0.00821917808219178,"Rio Blanco, CO"
68,29,14,0.9860335195530726,0.013966480446927373,0.0,"Routt, CO"
69,23,7,0.9831932773109243,0.01680672268907563,0.0,"San Juan, CO"
54,26,12,0.9743589743589743,0.02564102564102564,0.0,"San Miguel, CO"
140,82,48,0.5983606557377049,0.366120218579235,0.03551912568306011,"Weld, CO"
161,80,44,0.6994535519125683,0.2650273224043716,0.03278688524590164,"Fairfield, CT"
98,55,39,0.8469945355191257,0.15300546448087432,0.0,"Hartford, CT"
84,50,38,0.9033149171270718,0.09668508287292818,0.0,"Litchfield, CT"
129,54,39,0.875,0.11538461538461539,0.009615384615384616,"Middlesex, CT"
174,77,42,0.726775956284153,0.23770491803278687,0.030054644808743168,"New Haven, CT"
172,58,37,0.8493150684931506,0.13972602739726028,0.00821917808219178,"New London, CT"
93,48,39,0.9320388349514563,0.06796116504854369,0.0,"Tolland, CT"
87,44,35,0.9691011235955056,0.03089887640449438,0.0,"Windham, CT"
80,48,36,0.9171270718232044,0.08287292817679558,0.0,"Kent, DE"
105,58,40,0.819672131147541,0.17486338797814208,0.00546448087431694,"New Castle, DE"
87,51,38,0.8989071038251366,0.10109289617486339,0.0,"Sussex, DE"
166,53,40,0.8579234972677595,0.13934426229508196,0.0,"District of Columbia, DC"
105,52,36,0.8879781420765027,0.1092896174863388,0.00273224043715847,"Alachua, FL"
140,49,35,0.9118457300275482,0.08264462809917356,0.005509641873278237,"Baker, FL"
146,58,40,0.7741046831955923,0.22038567493112948,0.005509641873278237,"Bay, FL"
84,52,39,0.8852459016393442,0.11475409836065574,0.0,"Brevard, FL"
142,57,40,0.7923497267759563,0.20218579234972678,0.00546448087431694,"Broward, FL"
125,53,32,0.8607242339832869,0.13649025069637882,0.002785515320334262,"Citrus, FL"
85,54,36,0.8681318681318682,0.13186813186813187,0.0,"Collier, FL"
158,56,36,0.819935691318328,0.17041800643086816,0.003215434083601286,"Columbia, FL"
125,59,42,0.7486338797814208,0.24316939890710382,0.00819672131147541,"Duval, FL"
80,58,42,0.7472222222222222,0.25277777777777777,0.0,"Escambia, FL"
64,43,31,0.9918032786885246,0.00819672131147541,0.0,"Flagler, FL"
154,52,34,0.8825503355704698,0.11073825503355705,0.003355704697986577,"Hamilton, FL"
74,44,31,0.9636871508379888,0.036312849162011177,0.0,"Highlands, FL"
112,60,43,0.7650273224043715,0.226775956284153,0.00819672131147541,"Hillsborough, FL"
138,54,38,0.8484848484848485,0.14325068870523416,0.008264462809917356,"Holmes, FL"
87,47,37,0.9556213017751479,0.04437869822485207,0.0,"Indian River, FL"
87,45,32,0.9672131147540983,0.03278688524590164,0.0,"Lake, FL"
100,50,36,0.9016393442622951,0.09836065573770492,0.0,"Lee, FL"
160,58,40,0.7896174863387978,0.20218579234972678,0.00546448087431694,"Leon, FL"
51,44,31,0.994413407821229,0.00558659217877095,0.0,"Liberty, FL"
97,44,33,0.9699453551912568,0.030054644808743168,0.0,"Manatee, FL"
100,55,39,0.819672131147541,0.18032786885245902,0.0,"Marion, FL"
95,52,36,0.8767123287671232,0.1232876712328767,0.0,"Martin, FL"
90,58,39,0.8114754098360656,0.1885245901639344,0.0,"Miami-Dade, FL"
51,43,31,0.9767441860465116,0.023255813953488372,0.0,"Nassau, FL"
74,46,34,0.9752747252747253,0.024725274725274724,0.0,"Okaloosa, FL"
93,51,36,0.8907103825136612,0.1092896174863388,0.0,"Orange, FL"
90,44,32,0.9672131147540983,0.03278688524590164,0.0,"Osceola, FL"
92,53,38,0.8587257617728532,0.14127423822714683,0.0,"Palm Beach, FL"
77,46,35,0.9699453551912568,0.030054644808743168,0.0,"Pasco, FL"
100,56,40,0.8224043715846995,0.17759562841530055,0.0,"Pinellas, FL"
87,54,37,0.852054794520548,0.14794520547945206,0.0,"Polk, FL"
67,27,14,0.9972677595628415,0.00273224043715847,0.0,"Putnam, FL"
84,57,40,0.8082191780821918,0.1917808219178082,0.0,"Santa Rosa, FL"
90,55,38,0.8415300546448088,0.15846994535519127,0.0,"Sarasota, FL"
84,49,36,0.9095890410958904,0.09041095890410959,0.0,"Seminole, FL"
74,44,33,0.975,0.025,0.0,"St. Lucie, FL"
77,50,38,0.9033149171270718,0.09668508287292818,0.0,"Volusia, FL"
161,54,35,0.8677685950413223,0.12672176308539945,0.0,"Wakulla, FL"
97,52,35,0.8825136612021858,0.11748633879781421,0.0,"Bibb, GA"
139,34,19,0.9583333333333334,0.03333333333333333,0.008333333333333333,"Charlton, GA"
131,53,37,0.8575342465753425,0.13972602739726028,0.0027397260273972603,"Chatham, GA"
58,43,32,0.9959183673469387,0.004081632653061225,0.0,"Chattooga, GA"
99,54,36,0.8524590163934426,0.14754098360655737,0.0,"Clarke, GA"
90,54,28,0.8512396694214877,0.1487603305785124,0.0,"Clayton, GA"
90,49,35,0.9228070175438596,0.07719298245614035,0.0,"Cobb, GA"
108,42,25,0.9583333333333334,0.03333333333333333,0.008333333333333333,"Coffee, GA"
51,44,31,0.991701244813278,0.008298755186721992,0.0,"Columbia, GA"
74,43,31,0.9755102040816327,0.024489795918367346,0.0,"Dawson, GA"
106,57,38,0.819672131147541,0.17759562841530055,0.00273224043715847,"DeKalb, GA"
114,61,37,0.7561643835616438,0.23835616438356164,0.005479452054794521,"Dougherty, GA"
77,44,32,0.9714285714285714,0.02857142857142857,0.0,"Douglas, GA"
80,53,31,0.8680981595092024,0.13190184049079753,0.0,"Floyd, GA"
125,62,43,0.7021857923497268,0.2923497267759563,0.00546448087431694,"Fulton, GA"
96,44,31,0.9578947368421052,0.042105263157894736,0.0,"Glynn, GA"
101,55,37,0.8269230769230769,0.17032967032967034,0.0027472527472527475,"Gwinnett, GA"
98,55,33,0.8467966573816156,0.1532033426183844,0.0,"Hall, GA"
95,50,32,0.907103825136612,0.09289617486338798,0.0,"Henry, GA"
114,57,35,0.7928176795580111,0.20441988950276244,0.0027624309392265192,"Houston, GA"
141,54,30,0.8762376237623762,0.1188118811881188,0.0049504950495049506,"Lowndes, GA"
61,45,34,0.9522058823529411,0.04779411764705882,0.0,"Murray, GA"
101,53,35,0.8661202185792349,0.13114754098360656,0.00273224043715847,"Muscogee, GA"
64,44,33,0.9915254237288136,0.00847457627118644,0.0,"Pike, GA"
114,59,42,0.73224043715847,0.2650273224043716,0.00273224043715847,"Richmond, GA"
77,46,34,0.9508196721311475,0.04918032786885246,0.0,"Rockdale, GA"
64,44,32,0.9875,0.0125,0.0,"Sumter, GA"
84,53,30,0.8531073446327684,0.14689265536723164,0.0,"Walker, GA"
112,54,32,0.8413597733711048,0.1529745042492918,0.0056657223796034,"Washington, GA"
80,30,17,0.9754098360655737,0.02459016393442623,0.0,"Hawaii, HI"
58,36,26,0.9972677595628415,0.00273224043715847,0.0,"Honolulu, HI"
41,25,11,1.0,0.0,0.0,"Kauai, HI"
56,23,15,0.994269340974212,0.0057306590257879654,0.0,"Maui, HI"
185,72,40,0.7459016393442623,0.20491803278688525,0.030054644808743168,"Ada, ID"
161,58,37,0.8314917127071824,0.15193370165745856,0.0055248618784530384,"Bannock, ID"
371,65,32,0.7431693989071039,0.23224043715846995,0.00546448087431694,"Benewah, ID"
167,43,15,0.9178082191780822,0.06027397260273973,0.01643835616438356,"Blaine, ID"
198,68,35,0.7295081967213115,0.23770491803278687,0.01639344262295082,"Boise, ID"
190,52,25,0.8904109589041096,0.0821917808219178,0.0136986301369863,"Bonner, ID"
154,49,21,0.9005524861878453,0.0856353591160221,0.0027624309392265192,"Bonneville, ID"
152,50,40,0.9175824175824175,0.07692307692307693,0.0027472527472527475,"Butte, ID"
156,73,33,0.7021857923497268,0.2540983606557377,0.0273224043715847,"Canyon, ID"
126,28,5,0.9130434782608695,0.06086956521739131,0.02608695652173913,"Custer, ID"
159,53,20,0.8849315068493151,0.10684931506849316,0.005479452054794521,"Franklin, ID"
191,60,36,0.8005464480874317,0.17486338797814208,0.00819672131147541,"Idaho, ID"
37,19,10,1.0,0.0,0.0,"Jerome, ID"
384,48,19,0.9124293785310734,0.06497175141242938,0.002824858757062147,"Kootenai, ID"
333,41,16,0.9279778393351801,0.05263157894736842,0.0,"Latah, ID"
163,77,35,0.6191780821917808,0.3506849315068493,0.021917808219178082,"Lemhi, ID"
363,59,21,0.8442622950819673,0.12568306010928962,0.01092896174863388,"Nez Perce, ID"
346,64,30,0.7513661202185792,0.22950819672131148,0.0,"Shoshone, ID"
160,48,18,0.9065934065934066,0.07417582417582418,0.008241758241758242,"Twin Falls, ID"
192,63,30,0.7537993920972644,0.22492401215805471,0.015197568389057751,"Valley, ID"
84,50,38,0.9016393442622951,0.09836065573770492,0.0,"Adams, IL"
126,56,39,0.825136612021858,0.16939890710382513,0.00546448087431694,"Champaign, IL"
97,45,31,0.9559228650137741,0.0440771349862259,0.0,"Clark, IL"
164,84,53,0.4262295081967213,0.5191256830601093,0.04371584699453552,"Cook, IL"
154,59,41,0.7622950819672131,0.226775956284153,0.00819672131147541,"DuPage, IL"
84,48,37,0.9397590361445783,0.060240963855421686,0.0,"Effingham, IL"
118,56,40,0.7790368271954674,0.21813031161473087,0.0028328611898017,"Hamilton, IL"
112,55,39,0.8575418994413407,0.13966480446927373,0.002793296089385475,"Jersey, IL"
87,44,32,0.9546742209631728,0.0453257790368272,0.0,"Jo Daviess, IL"
161,64,39,0.8064516129032258,0.16845878136200718,0.021505376344086023,"Kane, IL"
185,74,39,0.8257261410788381,0.12863070539419086,0.04149377593360996,"Lake, IL"
90,55,40,0.8232044198895028,0.17679558011049723,0.0,"Macon, IL"
93,45,31,0.9505494505494505,0.04945054945054945,0.0,"Macoupin, IL"
112,70,47,0.5835616438356165,0.40821917808219177,0.00821917808219178,"Madison, IL"
147,58,40,0.7754491017964071,0.19760479041916168,0.02694610778443114,"McHenry, IL"
136,58,41,0.7857142857142857,0.20604395604395603,0.008241758241758242,"McLean, IL"
115,57,40,0.8269230769230769,0.17032967032967034,0.0027472527472527475,"Peoria, IL"
103,54,38,0.825136612021858,0.16939890710382513,0.00546448087431694,"Randolph, IL"
102,56,38,0.8309859154929577,0.16619718309859155,0.0028169014084507044,"Rock Island, IL"
100,56,36,0.8383561643835616,0.16164383561643836,0.0,"St. Clair, IL"
97,54,39,0.8571428571428571,0.14285714285714285,0.0,"Sangamon, IL"
155,60,42,0.721763085399449,0.26721763085399447,0.008264462809917356,"Will, IL"
101,61,39,0.7759562841530054,0.22131147540983606,0.00273224043715847,"Winnebago, IL"
120,58,39,0.8087431693989071,0.18579234972677597,0.00546448087431694,"Allen, IN"
97,52,37,0.8825136612021858,0.11748633879781421,0.0,"Bartholomew, IN"
101,48,32,0.9375,0.056818181818181816,0.005681818181818182,"Boone, IN"
80,44,33,0.9587912087912088,0.04120879120879121,0.0,"Brown, IN"
100,44,31,0.967032967032967,0.03296703296703297,0.0,"Carroll, IN"
91,58,42,0.7349726775956285,0.2650273224043716,0.0,"Clark, IN"
97,50,35,0.9041095890410958,0.0958904109589041,0.0,"Delaware, IN"
67,54,33,0.8455284552845529,0.15447154471544716,0.0,"Dubois, IN"
158,54,36,0.8579234972677595,0.1366120218579235,0.0,"Elkhart, IN"
143,44,32,0.9559228650137741,0.04132231404958678,0.0027548209366391185,"Floyd, IN"
90,50,34,0.9085872576177285,0.09141274238227147,0.0,"Greene, IN"
97,54,38,0.860655737704918,0.13934426229508196,0.0,"Hamilton, IN"
87,45,32,0.9508196721311475,0.04918032786885246,0.0,"Hendricks, IN"
63,51,29,0.8898305084745762,0.11016949152542373,0.0,"Henry, IN"
108,53,38,0.8715846994535519,0.12568306010928962,0.00273224043715847,"Howard, IN"
105,48,33,0.9344729344729344,0.06267806267806268,0.002849002849002849,"Knox, IN"
154,61,37,0.8469945355191257,0.13387978142076504,0.01639344262295082,"LaPorte, IN"
136,64,44,0.6639344262295082,0.319672131147541,0.01639344262295082,"Lake, IN"
97,55,39,0.8333333333333334,0.16666666666666666,0.0,"Madison, IN"
144,68,48,0.5355191256830601,0.44808743169398907,0.01639344262295082,"Marion, IN"
69,51,31,0.8823529411764706,0.11764705882352941,0.0,"Monroe, IN"
105,45,34,0.9617486338797814,0.03551912568306011,0.00273224043715847,"Perry, IN"
151,58,39,0.8306010928961749,0.15300546448087432,0.01366120218579235,"Porter, IN"
112,45,31,0.9464788732394366,0.05070422535211268,0.0028169014084507044,"Posey, IN"
115,46,32,0.9480874316939891,0.04918032786885246,0.00273224043715847,"Shelby, IN"
63,53,32,0.8688524590163934,0.13114754098360656,0.0,"Spencer, IN"
162,62,41,0.7431693989071039,0.24316939890710382,0.01092896174863388,"St. Joseph, IN"
53,51,29,0.8709677419354839,0.12903225806451613,0.0,"Sullivan, IN"
69,56,39,0.7327586206896551,0.2672413793103448,0.0,"Tippecanoe, IN"
101,57,39,0.8142076502732241,0.18032786885245902,0.00546448087431694,"Vanderburgh, IN"
112,57,40,0.8060109289617486,0.1912568306010929,0.00273224043715847,"Vigo, IN"
97,49,35,0.928374655647383,0.07162534435261708,0.0,"Wabash, IN"
112,47,33,0.9480874316939891,0.04644808743169399,0.00546448087431694,"Warrick, IN"
76,56,39,0.7738095238095238,0.2261904761904762,0.0,"Whitley, IN"
91,53,32,0.8497267759562842,0.15027322404371585,0.0,"Black Hawk, IA"
87,45,35,0.9508196721311475,0.04918032786885246,0.0,"Bremer, IA"
60,37,18,0.9836065573770492,0.01639344262295082,0.0,"Cerro Gordo, IA"
87,58,39,0.7901234567901234,0.20987654320987653,0.0,"Clinton, IA"
87,49,37,0.9214876033057852,0.07851239669421488,0.0,"Harrison, IA"
105,58,35,0.7458563535911602,0.2513812154696133,0.0027624309392265192,"Johnson, IA"
73,52,30,0.8898305084745762,0.11016949152542373,0.0,"Lee, IA"
105,59,40,0.7540983606557377,0.24316939890710382,0.00273224043715847,"Linn, IA"
76,51,35,0.8934426229508197,0.10655737704918032,0.0,"Montgomery, IA"
124,54,30,0.8442622950819673,0.15300546448087432,0.00273224043715847,"Muscatine, IA"
87,51,36,0.8934426229508197,0.10655737704918032,0.0,"Palo Alto, IA"
186,54,36,0.8415300546448088,0.15300546448087432,0.0,"Polk, IA"
77,52,31,0.8870967741935484,0.11290322580645161,0.0,"Pottawattamie, IA"
155,63,44,0.6284153005464481,0.3633879781420765,0.00546448087431694,"Scott, IA"
87,49,36,0.9180327868852459,0.08196721311475409,0.0,"Van Buren, IA"
79,50,29,0.9016393442622951,0.09836065573770492,0.0,"Woodbury, IA"
58,35,18,0.9752066115702479,0.024793388429752067,0.0,"Chase, KS"
79,29,11,0.9834437086092715,0.016556291390728478,0.0,"Ford, KS"
117,56,36,0.8438356164383561,0.15342465753424658,0.0027397260273972603,"Johnson, KS"
77,44,32,0.9726775956284153,0.0273224043715847,0.0,"Leavenworth, KS"
106,54,39,0.8306010928961749,0.16393442622950818,0.00546448087431694,"Neosho, KS"
114,54,38,0.8770491803278688,0.11475409836065574,0.00819672131147541,"Sedgwick, KS"
169,58,39,0.8087431693989071,0.18032786885245902,0.00546448087431694,"Shawnee, KS"
106,44,13,0.9306930693069307,0.066006600660066,0.0033003300330033004,"Sherman, KS"
117,59,40,0.7814207650273224,0.2103825136612022,0.00819672131147541,"Sumner, KS"
147,51,37,0.8931506849315068,0.10410958904109589,0.0027397260273972603,"Trego, KS"
116,63,44,0.6366120218579235,0.34972677595628415,0.01366120218579235,"Wyandotte, KS"
71,46,33,0.973384030418251,0.026615969581749048,0.0,"Bell, KY"
87,50,36,0.9008264462809917,0.09917355371900827,0.0,"Boone, KY"
88,51,36,0.8852459016393442,0.11475409836065574,0.0,"Boyd, KY"
115,48,37,0.9333333333333333,0.0625,0.004166666666666667,"Bullitt, KY"
93,54,39,0.8360655737704918,0.16393442622950818,0.0,"Campbell, KY"
59,44,31,0.9929824561403509,0.007017543859649123,0.0,"Carter, KY"
83,51,38,0.9,0.1,0.0,"Christian, KY"
105,54,38,0.8415300546448088,0.1557377049180328,0.00273224043715847,"Daviess, KY"
64,45,33,0.9780821917808219,0.021917808219178082,0.0,"Edmonson, KY"
84,51,38,0.8961748633879781,0.10382513661202186,0.0,"Fayette, KY"
61,44,33,0.9917695473251029,0.00823045267489712,0.0,"Greenup, KY"
97,47,37,0.9510204081632653,0.04897959183673469,0.0,"Hancock, KY"
80,51,38,0.8961748633879781,0.10382513661202186,0.0,"Hardin, KY"
115,61,45,0.6530054644808743,0.32786885245901637,0.01912568306010929,"Jefferson, KY"
77,47,37,0.9547325102880658,0.04526748971193416,0.0,"Jessamine, KY"
105,47,37,0.9475806451612904,0.04838709677419355,0.004032258064516129,"Livingston, KY"
111,57,39,0.8169398907103825,0.18032786885245902,0.00273224043715847,"McCracken, KY"
64,44,33,0.989041095890411,0.010958904109589041,0.0,"Morgan, KY"
97,49,38,0.9121338912133892,0.08786610878661087,0.0,"Oldham, KY"
99,48,34,0.9203296703296703,0.07967032967032966,0.0,"Perry, KY"
92,45,32,0.9616438356164384,0.038356164383561646,0.0,"Pike, KY"
77,48,36,0.9363957597173145,0.0636042402826855,0.0,"Pulaski, KY"
67,46,36,0.9819004524886877,0.01809954751131222,0.0,"Simpson, KY"
84,45,34,0.9668508287292817,0.03314917127071823,0.0,"Trigg, KY"
97,53,38,0.855191256830601,0.1448087431693989,0.0,"Warren, KY"
77,46,34,0.967032967032967,0.03296703296703297,0.0,"Washington, KY"
100,46,31,0.9615384615384616,0.038461538461538464,0.0,"Ascension, LA"
105,53,36,0.861878453038674,0.13535911602209943,0.0027624309392265192,"Bossier, LA"
126,49,34,0.9083094555873925,0.08882521489971347,0.0028653295128939827,"Caddo, LA"
116,61,41,0.7392550143266475,0.25787965616045844,0.0028653295128939827,"Calcasieu, LA"
119,54,38,0.8360655737704918,0.1557377049180328,0.00819672131147541,"East Baton Rouge, LA"
136,54,36,0.8770491803278688,0.11475409836065574,0.00819672131147541,"Iberville, LA"
87,54,36,0.8415300546448088,0.15846994535519127,0.0,"Jefferson, LA"
120,59,40,0.7527472527472527,0.2445054945054945,0.0027472527472527475,"Lafayette, LA"
115,56,39,0.7896174863387978,0.20765027322404372,0.00273224043715847,"Lafourche, LA"
105,58,39,0.7690140845070422,0.22816901408450704,0.0028169014084507044,"Livingston, LA"
88,47,28,0.9098360655737705,0.09016393442622951,0.0,"Orleans, LA"
111,45,32,0.9475138121546961,0.049723756906077346,0.0027624309392265192,"Ouachita, LA"
100,45,32,0.9475138121546961,0.052486187845303865,0.0,"Pointe Coupee, LA"
103,49,26,0.9173553719008265,0.0743801652892562,0.008264462809917356,"Rapides, LA"
84,54,39,0.8263305322128851,0.17366946778711484,0.0,"St. Bernard, LA"
90,44,29,0.9831932773109243,0.01680672268907563,0.0,"St. James, LA"
80,45,31,0.9715099715099715,0.02849002849002849,0.0,"St. John the Baptist, LA"
87,48,33,0.9413407821229051,0.05865921787709497,0.0,"St. Martin, LA"
90,52,36,0.8708791208791209,0.12912087912087913,0.0,"St. Tammany, LA"
64,49,26,0.9090909090909091,0.09090909090909091,0.0,"Tangipahoa, LA"
74,50,27,0.9166666666666666,0.08333333333333333,0.0,"Terrebonne, LA"
101,58,37,0.825136612021858,0.16666666666666666,0.00819672131147541,"West Baton Rouge, LA"
66,44,29,0.9555555555555556,0.044444444444444446,0.0,"Androscoggin, ME"
189,47,33,0.9316939890710383,0.06557377049180328,0.0,"Aroostook, ME"
97,53,38,0.8743169398907104,0.12568306010928962,0.0,"Cumberland, ME"
105,48,35,0.9262295081967213,0.07103825136612021,0.00273224043715847,"Hancock, ME"
64,44,35,0.9869565217391304,0.013043478260869565,0.0,"Kennebec, ME"
71,45,31,0.9594594594594594,0.04054054054054054,0.0,"Knox, ME"
65,44,33,0.9660493827160493,0.033950617283950615,0.0,"Oxford, ME"
73,44,29,0.9696969696969697,0.030303030303030304,0.0,"Penobscot, ME"
61,44,33,0.9943342776203966,0.0056657223796034,0.0,"Washington, ME"
87,47,39,0.948936170212766,0.05106382978723404,0.0,"York, ME"
108,51,39,0.8969465648854962,0.09541984732824428,0.007633587786259542,"Anne Arundel, MD"
105,57,39,0.8383561643835616,0.15616438356164383,0.005479452054794521,"Baltimore, MD"
97,51,34,0.8980716253443526,0.10192837465564739,0.0,"Baltimore City, MD"
67,44,35,0.9873949579831933,0.012605042016806723,0.0,"Calvert, MD"
84,49,39,0.9297520661157025,0.07024793388429752,0.0,"Carroll, MD"
97,49,34,0.9215686274509803,0.0784313725490196,0.0,"Cecil, MD"
58,44,34,0.9957627118644068,0.00423728813559322,0.0,"Charles, MD"
84,47,35,0.9616438356164384,0.038356164383561646,0.0,"Dorchester, MD"
90,49,40,0.9156118143459916,0.08438818565400844,0.0,"Frederick, MD"
71,46,36,0.9726027397260274,0.0273972602739726,0.0,"Garrett, MD"
119,55,38,0.8627450980392157,0.13445378151260504,0.0028011204481792717,"Harford, MD"
68,44,28,0.9560439560439561,0.04395604395604396,0.0,"Howard, MD"
100,46,33,0.9637883008356546,0.036211699164345405,0.0,"Kent, MD"
77,45,33,0.9380281690140845,0.061971830985915494,0.0,"Montgomery, MD"
105,50,37,0.9098360655737705,0.08743169398907104,0.00273224043715847,"Prince George's, MD"
81,51,37,0.8885793871866295,0.11142061281337047,0.0,"Washington, MD"
108,45,35,0.9686609686609686,0.02564102564102564,0.005698005698005698,"Barnstable, MA"
94,52,36,0.8934426229508197,0.10655737704918032,0.0,"Berkshire, MA"
119,53,39,0.860655737704918,0.13114754098360656,0.00819672131147541,"Bristol, MA"
126,45,36,0.9719887955182073,0.025210084033613446,0.0028011204481792717,"Dukes, MA"
97,50,37,0.9016393442622951,0.09836065573770492,0.0,"Essex, MA"
96,55,37,0.863013698630137,0.136986301369863,0.0,"Franklin, MA"
99,55,39,0.855191256830601,0.1448087431693989,0.0,"Hampden, MA"
84,48,35,0.9316939890710383,0.06830601092896176,0.0,"Hampshire, MA"
93,48,36,0.9289617486338798,0.07103825136612021,0.0,"Middlesex, MA"
71,43,32,0.9617486338797814,0.03825136612021858,0.0,"Norfolk, MA"
80,51,37,0.8961748633879781,0.10382513661202186,0.0,"Plymouth, MA"
84,51,37,0.8907103825136612,0.1092896174863388,0.0,"Suffolk, MA"
90,52,38,0.8715846994535519,0.1284153005464481,0.0,"Worcester, MA"
136,54,36,0.8662952646239555,0.116991643454039,0.016713091922005572,"Allegan, MI"
74,39,17,0.958904109589041,0.0410958904109589,0.0,"Bay, MI"
164,47,36,0.9312977099236641,0.061068702290076333,0.003816793893129771,"Benzie, MI"
150,61,38,0.8410852713178295,0.13178294573643412,0.027131782945736434,"Berrien, MI"
122,61,39,0.8379446640316206,0.1422924901185771,0.019762845849802372,"Cass, MI"
93,46,34,0.953125,0.046875,0.0,"Clinton, MI"
126,52,35,0.8797814207650273,0.11748633879781421,0.00273224043715847,"Genesee, MI"
150,48,36,0.924812030075188,0.04887218045112782,0.02631578947368421,"Huron, MI"
151,51,34,0.8989071038251366,0.09836065573770492,0.0,"Ingham, MI"
115,58,38,0.8328173374613003,0.14860681114551083,0.018575851393188854,"Kalamazoo, MI"
153,58,36,0.8273972602739726,0.1506849315068493,0.019178082191780823,"Kent, MI"
124,24,10,0.9914529914529915,0.0,0.008547008547008548,"Keweenaw, MI"
122,57,38,0.8087431693989071,0.18579234972677597,0.00546448087431694,"Lenawee, MI"
126,60,36,0.862876254180602,0.09698996655518395,0.04013377926421405,"Macomb, MI"
80,41,28,0.9568345323741008,0.04316546762589928,0.0,"Manistee, MI"
159,49,37,0.9123505976095617,0.0796812749003984,0.00398406374501992,"Mason, MI"
105,52,36,0.8767123287671232,0.12054794520547946,0.0027397260273972603,"Missaukee, MI"
66,40,17,0.9508196721311475,0.04918032786885246,0.0,"Monroe, MI"
143,64,37,0.8467741935483871,0.12903225806451613,0.024193548387096774,"Muskegon, MI"
126,59,36,0.8523489932885906,0.12751677852348994,0.020134228187919462,"Oakland, MI"
150,56,33,0.863013698630137,0.12054794520547946,0.01643835616438356,"Ottawa, MI"
133,44,33,0.9538904899135446,0.037463976945244955,0.008645533141210375,"Schoolcraft, MI"
105,56,35,0.8384146341463414,0.15853658536585366,0.003048780487804878,"St. Clair, MI"
101,44,32,0.9620991253644315,0.03206997084548105,0.0058309037900874635,"Tuscola, MI"
157,58,38,0.7978142076502732,0.18579234972677597,0.01366120218579235,"Washtenaw, MI"
179,73,48,0.5546448087431693,0.4180327868852459,0.02185792349726776,"Wayne, MI"
100,44,33,0.9578651685393258,0.042134831460674156,0.0,"Wexford, MI"
87,52,35,0.8879781420765027,0.11202185792349727,0.0,"Anoka, MN"
101,46,32,0.9371584699453552,0.060109289617486336,0.00273224043715847,"Becker, MN"
73,39,23,0.9693593314763231,0.03064066852367688,0.0,"Beltrami, MN"
84,42,24,0.9915254237288136,0.00847457627118644,0.0,"Carlton, MN"
75,35,17,0.9682080924855492,0.031791907514450865,0.0,"Cass, MN"
53,21,10,0.9942028985507246,0.005797101449275362,0.0,"Cook, MN"
76,42,28,0.9693593314763231,0.03064066852367688,0.0,"Crow Wing, MN"
135,52,30,0.8852459016393442,0.11202185792349727,0.00273224043715847,"Dakota, MN"
87,46,35,0.9571428571428572,0.04285714285714286,0.0,"Goodhue, MN"
156,57,38,0.7486338797814208,0.2459016393442623,0.00273224043715847,"Hennepin, MN"
71,42,30,0.9780821917808219,0.021917808219178082,0.0,"Lake, MN"
80,48,32,0.9166666666666666,0.08333333333333333,0.0,"Lyon, MN"
87,44,33,0.9795918367346939,0.02040816326530612,0.0,"Mille Lacs, MN"
111,52,35,0.8879781420765027,0.1092896174863388,0.00273224043715847,"Olmsted, MN"
160,54,30,0.8688524590163934,0.1284153005464481,0.0,"Ramsey, MN"
104,49,36,0.912568306010929,0.08469945355191257,0.00273224043715847,"St. Louis, MN"
121,49,32,0.9178082191780822,0.07945205479452055,0.0027397260273972603,"Scott, MN"
80,47,33,0.9180327868852459,0.08196721311475409,0.0,"Stearns, MN"
77,44,33,0.9767441860465116,0.023255813953488372,0.0,"Washington, MN"
52,30,17,0.9831932773109243,0.01680672268907563,0.0,"Winona, MN"
112,51,34,0.8991596638655462,0.09803921568627451,0.0028011204481792717,"Wright, MN"
85,56,39,0.8126721763085399,0.18732782369146006,0.0,"Bolivar, MS"
100,54,37,0.8465753424657534,0.15342465753424658,0.0,"DeSoto, MS"
97,59,36,0.7590027700831025,0.2409972299168975,0.0,"Forrest, MS"
88,54,38,0.8205128205128205,0.1794871794871795,0.0,"Hancock, MS"
101,60,42,0.7471590909090909,0.25,0.002840909090909091,"Harrison, MS"
114,62,44,0.680327868852459,0.31693989071038253,0.00273224043715847,"Hinds, MS"
84,55,39,0.8174157303370787,0.18258426966292135,0.0,"Jackson, MS"
50,42,31,1.0,0.0,0.0,"Lauderdale, MS"
54,45,35,0.9958847736625515,0.00411522633744856,0.0,"Lee, MS"
51,42,31,0.9913793103448276,0.008620689655172414,0.0,"Yalobusha, MS"
77,49,38,0.9183673469387755,0.08163265306122448,0.0,"Andrew, MO"
93,44,33,0.9631147540983607,0.036885245901639344,0.0,"Boone, MO"
126,53,33,0.8328767123287671,0.1643835616438356,0.0027397260273972603,"Buchanan, MO"
87,45,35,0.9551020408163265,0.044897959183673466,0.0,"Callaway, MO"
105,49,36,0.919889502762431,0.07458563535911603,0.0055248618784530384,"Cass, MO"
99,50,36,0.9090909090909091,0.09090909090909091,0.0,"Cedar, MO"
101,55,35,0.8598901098901099,0.13736263736263737,0.0027472527472527475,"Clay, MO"
87,48,37,0.9224489795918367,0.07755102040816327,0.0,"Clinton, MO"
116,52,37,0.8791208791208791,0.11813186813186813,0.0027472527472527475,"Greene, MO"
157,60,40,0.6912568306010929,0.3005464480874317,0.00546448087431694,"Jackson, MO"
82,52,35,0.8743169398907104,0.12568306010928962,0.0,"Jasper, MO"
141,54,38,0.873972602739726,0.12054794520547946,0.005479452054794521,"Jefferson, MO"
108,48,37,0.9306122448979591,0.0653061224489796,0.004081632653061225,"Lincoln, MO"
84,43,31,0.9836065573770492,0.01639344262295082,0.0,"Monroe, MO"
97,47,36,0.9428571428571428,0.05714285714285714,0.0,"Perry, MO"
112,54,39,0.8816326530612245,0.10204081632653061,0.0163265306122449,"St. Charles, MO"
144,61,40,0.7841530054644809,0.1994535519125683,0.01639344262295082,"St. Louis, MO"
87,46,36,0.9346938775510204,0.0653061224489796,0.0,"Ste. Genevieve, MO"
155,67,46,0.6120218579234973,0.3743169398907104,0.01092896174863388,"St. Louis City, MO"
62,45,19,0.9365079365079365,0.06349206349206349,0.0,"Stoddard, MO"
57,36,17,0.9836065573770492,0.01639344262295082,0.0,"Taney, MO"
115,44,18,0.9415041782729805,0.05013927576601671,0.008356545961002786,"Cascade, MT"
157,47,39,0.9344262295081968,0.05737704918032787,0.00273224043715847,"Fergus, MT"
190,56,35,0.8661202185792349,0.11202185792349727,0.00819672131147541,"Flathead, MT"
159,52,22,0.8934426229508197,0.07650273224043716,0.02459016393442623,"Gallatin, MT"
174,20,5,0.9658119658119658,0.008547008547008548,0.008547008547008548,"Lake, MT"
164,55,40,0.8497267759562842,0.1366120218579235,0.00273224043715847,"Lewis and Clark, MT"
327,71,40,0.592896174863388,0.3825136612021858,0.00546448087431694,"Lincoln, MT"
176,83,47,0.5737704918032787,0.3743169398907104,0.03551912568306011,"Missoula, MT"
140,64,35,0.8360655737704918,0.15846994535519127,0.00546448087431694,"Phillips, MT"
157,66,40,0.7885714285714286,0.19714285714285715,0.008571428571428572,"Powder River, MT"
11,6,3,1.0,0.0,0.0,"Powell, MT"
176,53,11,0.8836565096952909,0.09418282548476455,0.008310249307479225,"Ravalli, MT"
68,46,36,0.9672131147540983,0.03278688524590164,0.0,"Richland, MT"
55,25,9,0.974025974025974,0.025974025974025976,0.0,"Roosevelt, MT"
153,48,37,0.9132947976878613,0.07225433526011561,0.008670520231213872,"Rosebud, MT"
236,51,23,0.8961748633879781,0.08196721311475409,0.00273224043715847,"Sanders, MT"
53,20,10,0.9813084112149533,0.018691588785046728,0.0,"Sheridan, MT"
173,56,19,0.8661202185792349,0.11202185792349727,0.01366120218579235,"Silver Bow, MT"
160,48,23,0.9038461538461539,0.08791208791208792,0.005494505494505495,"Yellowstone, MT"
71,32,14,0.9664804469273743,0.0335195530726257,0.0,"Cass, NE"
156,53,35,0.8852459016393442,0.1092896174863388,0.00273224043715847,"Douglas, NE"
85,43,20,0.9289940828402367,0.07100591715976332,0.0,"Hall, NE"
84,48,35,0.9342465753424658,0.06575342465753424,0.0,"Knox, NE"
74,45,33,0.9645390070921985,0.03546099290780142,0.0,"Lancaster, NE"
149,52,29,0.8829113924050633,0.11075949367088607,0.006329113924050633,"Sarpy, NE"
122,55,27,0.8057553956834532,0.18705035971223022,0.007194244604316547,"Scotts Bluff, NE"
71,27,11,0.9565217391304348,0.043478260869565216,0.0,"Thomas, NE"
72,42,23,0.9454545454545454,0.05454545454545454,0.0,"Washington, NE"
192,67,41,0.825136612021858,0.12021857923497267,0.03278688524590164,"Carson City, NV"
147,50,40,0.9256198347107438,0.06887052341597796,0.005509641873278237,"Churchill, NV"
174,93,61,0.29508196721311475,0.6366120218579235,0.060109289617486336,"Clark, NV"
249,60,17,0.8497267759562842,0.10382513661202186,0.01639344262295082,"Douglas, NV"
154,48,18,0.9146005509641874,0.07988980716253444,0.0027548209366391185,"Elko, NV"
331,59,38,0.8651685393258427,0.10955056179775281,0.014044943820224719,"Lyon, NV"
200,40,21,0.9371584699453552,0.0546448087431694,0.00273224043715847,"Nye, NV"
240,85,46,0.6530054644808743,0.2814207650273224,0.030054644808743168,"Washoe, NV"
136,61,44,0.814404432132964,0.1772853185595568,0.008310249307479225,"White Pine, NV"
61,43,30,0.9832869080779945,0.016713091922005572,0.0,"Belknap, NH"
75,47,35,0.9262295081967213,0.07377049180327869,0.0,"Cheshire, NH"
74,50,43,0.9262295081967213,0.07377049180327869,0.0,"Coos, NH"
66,43,33,0.9699453551912568,0.030054644808743168,0.0,"Grafton, NH"
90,45,36,0.9781420765027322,0.02185792349726776,0.0,"Hillsborough, NH"
74,44,38,0.9812206572769953,0.018779342723004695,0.0,"Merrimack, NH"
90,51,38,0.8961748633879781,0.10382513661202186,0.0,"Rockingham, NH"
90,47,34,0.9192200557103064,0.0807799442896936,0.0,"Atlantic, NJ"
119,58,39,0.8021978021978022,0.18956043956043955,0.008241758241758242,"Bergen, NJ"
87,58,40,0.7978142076502732,0.20218579234972678,0.0,"Camden, NJ"
71,52,38,0.873972602739726,0.12602739726027398,0.0,"Cumberland, NJ"
127,58,39,0.8032786885245902,0.19398907103825136,0.00273224043715847,"Essex, NJ"
101,49,36,0.9130434782608695,0.08300395256916997,0.003952569169960474,"Gloucester, NJ"
90,54,37,0.8415300546448088,0.15846994535519127,0.0,"Hudson, NJ"
85,52,38,0.8791208791208791,0.12087912087912088,0.0,"Hunterdon, NJ"
112,54,38,0.8497267759562842,0.14207650273224043,0.00819672131147541,"Mercer, NJ"
112,53,37,0.855191256830601,0.14207650273224043,0.00273224043715847,"Middlesex, NJ"
93,48,37,0.9247787610619469,0.0752212389380531,0.0,"Monmouth, NJ"
84,47,35,0.9480874316939891,0.05191256830601093,0.0,"Morris, NJ"
84,48,35,0.9185393258426966,0.08146067415730338,0.0,"Ocean, NJ"
100,47,36,0.9427480916030534,0.05725190839694656,0.0,"Passaic, NJ"
111,56,38,0.7950819672131147,0.20218579234972678,0.00273224043715847,"Union, NJ"
100,50,34,0.9058171745152355,0.09418282548476455,0.0,"Warren, NJ"
214,77,54,0.36885245901639346,0.6065573770491803,0.01912568306010929,"Bernalillo, NM"
79,30,10,0.9652173913043478,0.034782608695652174,0.0,"Catron, NM"
75,37,17,0.9747899159663865,0.025210084033613446,0.0,"Chaves, NM"
400,88,53,0.45901639344262296,0.48360655737704916,0.040983606557377046,"Dona Ana, NM"
115,80,46,0.6813186813186813,0.28846153846153844,0.03021978021978022,"Eddy, NM"
76,50,39,0.912568306010929,0.08743169398907104,0.0,"Lea, NM"
51,28,11,0.991304347826087,0.008695652173913044,0.0,"Lincoln, NM"
53,19,10,0.9914529914529915,0.008547008547008548,0.0,"Los Alamos, NM"
360,40,19,0.9463276836158192,0.05084745762711865,0.0,"Luna, NM"
90,54,44,0.8674033149171271,0.13259668508287292,0.0,"Rio Arriba, NM"
109,64,45,0.7240437158469946,0.26229508196721313,0.01366120218579235,"San Juan, NM"
119,61,44,0.7569832402234636,0.22905027932960895,0.013966480446927373,"Sandoval, NM"
101,58,44,0.8114754098360656,0.18579234972677597,0.00273224043715847,"Santa Fe, NM"
49,28,11,1.0,0.0,0.0,"Socorro, NM"
64,43,20,0.9361111111111111,0.06388888888888888,0.0,"Taos, NM"
105,61,44,0.7883008356545961,0.20612813370473537,0.005571030640668524,"Valencia, NM"
143,55,38,0.8383561643835616,0.15342465753424658,0.00821917808219178,"Albany, NY"
108,61,39,0.7950819672131147,0.20218579234972678,0.00273224043715847,"Bronx, NY"
93,47,35,0.931129476584022,0.06887052341597796,0.0,"Chautauqua, NY"
87,45,35,0.972809667673716,0.027190332326283987,0.0,"Dutchess, NY"
155,52,37,0.8661202185792349,0.1284153005464481,0.0,"Erie, NY"
80,47,38,0.958904109589041,0.0410958904109589,0.0,"Essex, NY"
54,44,34,0.9915966386554622,0.008403361344537815,0.0,"Hamilton, NY"
90,44,33,0.9583333333333334,0.041666666666666664,0.0,"Jefferson, NY"
77,47,23,0.9260273972602739,0.07397260273972603,0.0,"Kings, NY"
80,52,36,0.8825136612021858,0.11748633879781421,0.0,"Monroe, NY"
72,41,20,0.9529085872576177,0.04709141274238227,0.0,"Nassau, NY"
108,56,37,0.8497267759562842,0.14754098360655737,0.00273224043715847,"New York, NY"
87,46,34,0.947075208913649,0.052924791086350974,0.0,"Niagara, NY"
78,36,16,0.9570200573065902,0.04297994269340974,0.0,"Oneida, NY"
74,48,35,0.9230769230769231,0.07692307692307693,0.0,"Onondaga, NY"
97,47,36,0.9344262295081968,0.06557377049180328,0.0,"Orange, NY"
58,44,33,0.9721448467966574,0.027855153203342618,0.0,"Oswego, NY"
64,44,33,0.9808917197452229,0.01910828025477707,0.0,"Putnam, NY"
140,61,38,0.8142076502732241,0.17759562841530055,0.00819672131147541,"Queens, NY"
108,52,36,0.8763736263736264,0.11813186813186813,0.005494505494505495,"Richmond, NY"
93,48,34,0.9289617486338798,0.07103825136612021,0.0,"Rockland, NY"
61,44,33,0.987460815047022,0.012539184952978056,0.0,"Saratoga, NY"
79,44,34,0.9753424657534246,0.024657534246575342,0.0,"Steuben, NY"
133,59,37,0.8442622950819673,0.13934426229508196,0.01639344262295082,"Suffolk, NY"
64,44,34,0.9862637362637363,0.013736263736263736,0.0,"Tompkins, NY"
80,46,34,0.9327217125382263,0.0672782874617737,0.0,"Wayne, NY"
105,50,36,0.9008264462809917,0.09641873278236915,0.0027548209366391185,"Westchester, NY"
54,45,33,0.99,0.01,0.0,"Alexander, NC"
80,46,37,0.9617486338797814,0.03825136612021858,0.0,"Avery, NC"
97,45,31,0.9724517906336089,0.027548209366391185,0.0,"Buncombe, NC"
50,44,34,1.0,0.0,0.0,"Caldwell, NC"
61,43,34,0.9917127071823204,0.008287292817679558,0.0,"Carteret, NC"
61,44,31,0.9858757062146892,0.014124293785310734,0.0,"Caswell, NC"
94,53,31,0.8739495798319328,0.12605042016806722,0.0,"Catawba, NC"
81,49,35,0.90633608815427,0.09366391184573003,0.0,"Cumberland, NC"
95,54,32,0.8054711246200608,0.1945288753799392,0.0,"Davidson, NC"
97,49,35,0.9175824175824175,0.08241758241758242,0.0,"Durham, NC"
94,46,32,0.9494047619047619,0.050595238095238096,0.0,"Edgecombe, NC"
97,56,40,0.8142076502732241,0.18579234972677597,0.0,"Forsyth, NC"
97,49,40,0.9369747899159664,0.06302521008403361,0.0,"Graham, NC"
51,46,36,0.9957983193277311,0.004201680672268907,0.0,"Granville, NC"
87,50,36,0.9178082191780822,0.0821917808219178,0.0,"Guilford, NC"
93,51,41,0.8970588235294118,0.10294117647058823,0.0,"Haywood, NC"
53,28,15,0.9824561403508771,0.017543859649122806,0.0,"Hyde, NC"
68,40,24,0.963963963963964,0.036036036036036036,0.0,"Jackson, NC"
72,49,36,0.9380530973451328,0.061946902654867256,0.0,"Johnston, NC"
58,45,32,0.9797297297297297,0.02027027027027027,0.0,"Lenoir, NC"
71,45,35,0.9917695473251029,0.00823045267489712,0.0,"Lincoln, NC"
64,41,29,0.9944444444444445,0.005555555555555556,0.0,"Macon, NC"
49,42,33,1.0,0.0,0.0,"Martin, NC"
112,56,40,0.8087431693989071,0.18579234972677597,0.00546448087431694,"Mecklenburg, NC"
103,36,20,0.9747191011235955,0.02247191011235955,0.0028089887640449437,"Mitchell, NC"
83,47,35,0.9344262295081968,0.06557377049180328,0.0,"Montgomery, NC"
74,45,31,0.9635854341736695,0.036414565826330535,0.0,"New Hanover, NC"
88,42,22,0.9611111111111111,0.03888888888888889,0.0,"Northampton, NC"
50,44,34,1.0,0.0,0.0,"Person, NC"
95,47,33,0.9529085872576177,0.04709141274238227,0.0,"Pitt, NC"
54,47,36,0.9794238683127572,0.0205761316872428,0.0,"Rockingham, NC"
88,52,39,0.8712328767123287,0.12876712328767123,0.0,"Rowan, NC"
119,47,33,0.9392265193370166,0.058011049723756904,0.0027624309392265192,"Swain, NC"
50,44,31,1.0,0.0,0.0,"Union, NC"
101,56,38,0.7780821917808219,0.2191780821917808,0.0027397260273972603,"Wake, NC"
105,58,44,0.8360655737704918,0.1598360655737705,0.004098360655737705,"Yancey, NC"
61,44,34,0.9808743169398907,0.01912568306010929,0.0,"Billings, ND"
69,45,33,0.9644808743169399,0.03551912568306011,0.0,"Burke, ND"
74,48,33,0.9180327868852459,0.08196721311475409,0.0,"Burleigh, ND"
80,46,34,0.9256198347107438,0.0743801652892562,0.0,"Cass, ND"
58,44,33,0.9836065573770492,0.01639344262295082,0.0,"Dunn, ND"
62,44,33,0.9834710743801653,0.01652892561983471,0.0,"McKenzie, ND"
75,44,33,0.9754098360655737,0.02459016393442623,0.0,"Mercer, ND"
74,46,35,0.9562841530054644,0.04371584699453552,0.0,"Oliver, ND"
69,43,33,0.9754098360655737,0.02459016393442623,0.0,"Ward, ND"
81,48,29,0.9337979094076655,0.06620209059233449,0.0,"Adams, OH"
105,52,36,0.8833333333333333,0.11388888888888889,0.002777777777777778,"Allen, OH"
93,47,37,0.9294605809128631,0.07053941908713693,0.0,"Ashtabula, OH"
61,41,24,0.9651162790697675,0.03488372093023256,0.0,"Athens, OH"
66,30,12,0.9754098360655737,0.02459016393442623,0.0,"Belmont, OH"
126,58,38,0.8387978142076503,0.15300546448087432,0.00819672131147541,"Butler, OH"
108,58,40,0.7988338192419825,0.19825072886297376,0.0029154518950437317,"Clark, OH"
100,50,35,0.9002770083102493,0.0997229916897507,0.0,"Clermont, OH"
97,54,39,0.8951965065502183,0.10480349344978165,0.0,"Clinton, OH"
31,20,10,1.0,0.0,0.0,"Columbiana, OH"
152,66,46,0.6174863387978142,0.3551912568306011,0.02459016393442623,"Cuyahoga, OH"
101,50,38,0.9098360655737705,0.0860655737704918,0.004098360655737705,"Delaware, OH"
80,49,35,0.9325513196480938,0.06744868035190615,0.0,"Fayette, OH"
102,58,40,0.8087431693989071,0.18579234972677597,0.00546448087431694,"Franklin, OH"
100,61,41,0.8734693877551021,0.12653061224489795,0.0,"Geauga, OH"
93,51,39,0.8979591836734694,0.10204081632653061,0.0,"Greene, OH"
126,70,48,0.5765027322404371,0.40437158469945356,0.01912568306010929,"Hamilton, OH"
49,23,1,1.0,0.0,0.0,"Harrison, OH"
112,58,37,0.8133704735376045,0.18384401114206128,0.002785515320334262,"Jefferson, OH"
80,49,38,0.9224489795918367,0.07755102040816327,0.0,"Knox, OH"
140,54,37,0.8797814207650273,0.10382513661202186,0.01639344262295082,"Lake, OH"
77,51,36,0.8926553672316384,0.10734463276836158,0.0,"Lawrence, OH"
77,48,37,0.9387755102040817,0.061224489795918366,0.0,"Licking, OH"
154,51,35,0.8994413407821229,0.09776536312849161,0.0,"Lorain, OH"
136,62,38,0.8220338983050848,0.1553672316384181,0.022598870056497175,"Lucas, OH"
84,51,39,0.8979591836734694,0.10204081632653061,0.0,"Madison, OH"
142,54,38,0.8767123287671232,0.12054794520547946,0.0027397260273972603,"Mahoning, OH"
93,51,35,0.8916666666666667,0.10833333333333334,0.0,"Medina, OH"
93,49,39,0.9475982532751092,0.05240174672489083,0.0,"Miami, OH"
112,64,44,0.6814404432132964,0.3074792243767313,0.0110803324099723,"Montgomery, OH"
87,47,36,0.9382022471910112,0.06179775280898876,0.0,"Noble, OH"
101,55,39,0.8740458015267175,0.12213740458015267,0.003816793893129771,"Portage, OH"
101,54,38,0.860655737704918,0.1366120218579235,0.00273224043715847,"Preble, OH"
92,31,14,0.9863387978142076,0.01366120218579235,0.0,"Scioto, OH"
119,62,42,0.7318435754189944,0.2569832402234637,0.0111731843575419,"Stark, OH"
114,59,39,0.7645429362880887,0.22714681440443213,0.008310249307479225,"Summit, OH"
153,52,37,0.8823529411764706,0.1092436974789916,0.0056022408963585435,"Trumbull, OH"
115,59,39,0.8116343490304709,0.1772853185595568,0.0110803324099723,"Warren, OH"
108,48,38,0.9510204081632653,0.044897959183673466,0.004081632653061225,"Washington, OH"
80,46,34,0.9432314410480349,0.056768558951965066,0.0,"Wood, OH"
151,49,33,0.928374655647383,0.06887052341597796,0.0,"Adair, OK"
84,49,36,0.9273743016759777,0.07262569832402235,0.0,"Canadian, OK"
147,64,43,0.7159420289855073,0.2811594202898551,0.002898550724637681,"Carter, OK"
121,64,43,0.7146892655367232,0.2796610169491525,0.005649717514124294,"Cleveland, OK"
107,58,40,0.8360655737704918,0.16120218579234974,0.00273224043715847,"Comanche, OK"
93,47,35,0.9641873278236914,0.03581267217630854,0.0,"Creek, OK"
99,57,39,0.8410958904109589,0.1589041095890411,0.0,"Dewey, OK"
65,40,19,0.9622641509433962,0.03773584905660377,0.0,"Grant, OK"
97,49,38,0.9238754325259516,0.07612456747404844,0.0,"Johnston, OK"
113,58,42,0.726775956284153,0.2677595628415301,0.00546448087431694,"Kay, OK"
51,44,34,0.9883720930232558,0.011627906976744186,0.0,"Mayes, OK"
112,67,45,0.6420765027322405,0.3469945355191257,0.01092896174863388,"Oklahoma, OK"
90,49,36,0.92,0.08,0.0,"Osage, OK"
154,60,37,0.7698863636363636,0.22443181818181818,0.002840909090909091,"Ottawa, OK"
141,56,39,0.8278688524590164,0.16939890710382513,0.00273224043715847,"Pittsburg, OK"
141,47,33,0.928374655647383,0.06887052341597796,0.0027548209366391185,"Sequoyah, OK"
129,58,42,0.7595628415300546,0.23497267759562843,0.00546448087431694,"Tulsa, OK"
101,56,40,0.8691860465116279,0.12790697674418605,0.0029069767441860465,"Washington, OK"
200,51,25,0.8934426229508197,0.08743169398907104,0.00546448087431694,"Baker, OR"
396,50,18,0.9016393442622951,0.06830601092896176,0.0,"Benton, OR"
366,49,30,0.9154411764705882,0.051470588235294115,0.011029411764705883,"Clackamas, OR"
268,40,25,0.9421487603305785,0.03305785123966942,0.0027548209366391185,"Columbia, OR"
561,60,21,0.8136986301369863,0.16712328767123288,0.0,"Crook, OR"
583,55,18,0.8661202185792349,0.09562841530054644,0.01092896174863388,"Deschutes, OR"
518,57,22,0.855191256830601,0.11748633879781421,0.00273224043715847,"Douglas, OR"
322,66,33,0.6813186813186813,0.29945054945054944,0.0027472527472527475,"Grant, OR"
304,72,32,0.6775956284153005,0.2923497267759563,0.00546448087431694,"Harney, OR"
517,70,40,0.7158469945355191,0.24316939890710382,0.00546448087431694,"Jackson, OR"
595,59,21,0.8227146814404432,0.14681440443213298,0.008310249307479225,"Jefferson, OR"
472,73,26,0.7459016393442623,0.1830601092896175,0.01092896174863388,"Josephine, OR"
679,124,41,0.5737704918032787,0.3005464480874317,0.06284153005464481,"Klamath, OR"
165,66,23,0.7808219178082192,0.16986301369863013,0.038356164383561646,"Lake, OR"
550,75,40,0.6721311475409836,0.2896174863387978,0.01092896174863388,"Lane, OR"
502,63,27,0.773224043715847,0.19672131147540983,0.0,"Linn, OR"
641,58,32,0.8273972602739726,0.14246575342465753,0.0027397260273972603,"Marion, OR"
477,58,33,0.8415300546448088,0.13387978142076504,0.00273224043715847,"Multnomah, OR"
463,55,35,0.8497267759562842,0.1284153005464481,0.0,"Umatilla, OR"
288,48,20,0.9016393442622951,0.07377049180327869,0.00273224043715847,"Union, OR"
198,53,20,0.8797814207650273,0.10109289617486339,0.0,"Wallowa, OR"
417,45,18,0.9070422535211268,0.08450704225352113,0.0,"Wasco, OR"
416,56,31,0.8415300546448088,0.13114754098360656,0.00546448087431694,"Washington, OR"
86,54,40,0.8743169398907104,0.12568306010928962,0.0,"Adams, PA"
128,75,47,0.5956284153005464,0.3770491803278688,0.0273224043715847,"Allegheny, PA"
122,54,39,0.8442622950819673,0.14754098360655737,0.00819672131147541,"Armstrong, PA"
142,62,42,0.7622950819672131,0.23497267759562843,0.00273224043715847,"Beaver, PA"
102,58,40,0.7734806629834254,0.22375690607734808,0.0027624309392265192,"Berks, PA"
87,54,38,0.8583333333333333,0.14166666666666666,0.0,"Blair, PA"
81,48,37,0.9413407821229051,0.05865921787709497,0.0,"Bradford, PA"
115,46,33,0.9430199430199431,0.045584045584045586,0.011396011396011397,"Bucks, PA"
89,56,38,0.8442622950819673,0.1557377049180328,0.0,"Cambria, PA"
90,51,38,0.8852459016393442,0.11475409836065574,0.0,"Centre, PA"
143,55,39,0.8338028169014085,0.16338028169014085,0.0028169014084507044,"Chester, PA"
54,42,31,0.9941690962099126,0.0058309037900874635,0.0,"Clearfield, PA"
137,55,33,0.8044077134986226,0.19008264462809918,0.005509641873278237,"Cumberland, PA"
116,61,40,0.7568306010928961,0.23497267759562843,0.00819672131147541,"Dauphin, PA"
129,64,43,0.680327868852459,0.3114754098360656,0.00819672131147541,"Delaware, PA"
67,44,34,0.994413407821229,0.00558659217877095,0.0,"Elk, PA"
87,49,34,0.90633608815427,0.09366391184573003,0.0,"Erie, PA"
100,51,37,0.8925619834710744,0.10743801652892562,0.0,"Fayette, PA"
50,42,32,1.0,0.0,0.0,"Franklin, PA"
101,49,36,0.9331476323119777,0.06406685236768803,0.002785515320334262,"Greene, PA"
112,48,36,0.9259259259259259,0.07122507122507123,0.002849002849002849,"Indiana, PA"
81,50,38,0.9098360655737705,0.09016393442622951,0.0,"Lackawanna, PA"
153,62,43,0.7049180327868853,0.2814207650273224,0.01092896174863388,"Lancaster, PA"
93,43,31,0.9752066115702479,0.024793388429752067,0.0,"Lawrence, PA"
115,55,30,0.8470588235294118,0.14705882352941177,0.0058823529411764705,"Lebanon, PA"
93,52,37,0.8802228412256268,0.11977715877437325,0.0,"Lehigh, PA"
54,43,31,0.9943820224719101,0.0056179775280898875,0.0,"Luzerne, PA"
109,51,37,0.8989071038251366,0.09836065573770492,0.00273224043715847,"Lycoming, PA"
105,54,38,0.8715846994535519,0.12568306010928962,0.00273224043715847,"Mercer, PA"
80,44,33,0.9943977591036415,0.0056022408963585435,0.0,"Monroe, PA"
99,56,38,0.855191256830601,0.1448087431693989,0.0,"Montgomery, PA"
117,54,38,0.8575342465753425,0.13972602739726028,0.0027397260273972603,"Northampton, PA"
119,59,41,0.76775956284153,0.2185792349726776,0.01366120218579235,"Philadelphia, PA"
71,44,34,0.9780821917808219,0.021917808219178082,0.0,"Somerset, PA"
71,40,23,0.9616438356164384,0.038356164383561646,0.0,"Susquehanna, PA"
79,47,37,0.9488636363636364,0.05113636363636364,0.0,"Tioga, PA"
100,58,41,0.8169398907103825,0.1830601092896175,0.0,"Washington, PA"
81,50,35,0.914364640883978,0.0856353591160221,0.0,"Westmoreland, PA"
76,43,25,0.9445983379501385,0.055401662049861494,0.0,"Wyoming, PA"
97,57,40,0.8224043715846995,0.17759562841530055,0.0,"York, PA"
58,38,14,0.9298245614035088,0.07017543859649122,0.0,"Adjuntas, PR"
66,36,19,0.9703703703703703,0.02962962962962963,0.0,"Bayamon, PR"
69,20,10,0.9811320754716981,0.018867924528301886,0.0,"Caguas, PR"
336,61,26,0.8081180811808119,0.14760147601476015,0.01845018450184502,"Catano, PR"
80,51,20,0.8846153846153846,0.11538461538461539,0.0,"Fajardo, PR"
80,59,23,0.8235294117647058,0.17647058823529413,0.0,"Guayama, PR"
72,54,24,0.8795180722891566,0.12048192771084337,0.0,"Guaynabo, PR"
174,16,9,0.9712643678160919,0.011494252873563218,0.014367816091954023,"Juncos, PR"
396,59,22,0.8620689655172413,0.10031347962382445,0.006269592476489028,"Mayagnez, PR"
81,51,22,0.9,0.1,0.0,"Ponce, PR"
39,32,9,1.0,0.0,0.0,"San Juan, PR"
133,47,31,0.946927374301676,0.05027932960893855,0.002793296089385475,"Kent, RI"
112,54,40,0.8306010928961749,0.16393442622950818,0.00546448087431694,"Providence, RI"
154,49,32,0.9180327868852459,0.07650273224043716,0.00273224043715847,"Washington, RI"
71,44,32,0.9961389961389961,0.003861003861003861,0.0,"Aiken, SC"
71,46,35,0.969811320754717,0.03018867924528302,0.0,"Anderson, SC"
51,43,31,0.9954545454545455,0.004545454545454545,0.0,"Berkeley, SC"
117,51,35,0.8961748633879781,0.10109289617486339,0.00273224043715847,"Charleston, SC"
89,49,34,0.9277456647398844,0.07225433526011561,0.0,"Chesterfield, SC"
49,42,32,1.0,0.0,0.0,"Darlington, SC"
115,46,33,0.9508196721311475,0.04644808743169399,0.00273224043715847,"Edgefield, SC"
95,42,28,0.9488636363636364,0.05113636363636364,0.0,"Florence, SC"
116,55,39,0.8032786885245902,0.19398907103825136,0.00273224043715847,"Greenville, SC"
50,44,32,1.0,0.0,0.0,"Horry, SC"
111,48,29,0.9123287671232877,0.08493150684931507,0.0027397260273972603,"Lexington, SC"
117,49,35,0.9153005464480874,0.08196721311475409,0.00273224043715847,"Richland, SC"
112,54,40,0.8278688524590164,0.16666666666666666,0.00546448087431694,"Spartanburg, SC"
92,47,35,0.9453551912568307,0.0546448087431694,0.0,"York, SC"
87,55,38,0.8497267759562842,0.15027322404371585,0.0,"Brookings, SD"
75,47,23,0.9148351648351648,0.08516483516483517,0.0,"Brown, SD"
101,53,36,0.8770491803278688,0.12021857923497267,0.00273224043715847,"Codington, SD"
119,54,41,0.8852459016393442,0.1092896174863388,0.00546448087431694,"Custer, SD"
76,30,14,0.971830985915493,0.028169014084507043,0.0,"Hughes, SD"
90,51,39,0.8989071038251366,0.10109289617486339,0.0,"Jackson, SD"
84,47,38,0.9395604395604396,0.06043956043956044,0.0,"Meade, SD"
90,52,35,0.8852459016393442,0.11475409836065574,0.0,"Minnehaha, SD"
91,62,31,0.7950819672131147,0.20491803278688525,0.0,"Pennington, SD"
141,53,36,0.8852459016393442,0.11202185792349727,0.00273224043715847,"Union, SD"
64,46,35,0.9714285714285714,0.02857142857142857,0.0,"Anderson, TN"
92,51,38,0.8852459016393442,0.11475409836065574,0.0,"Blount, TN"
51,44,32,0.9942028985507246,0.005797101449275362,0.0,"Claiborne, TN"
116,58,41,0.773224043715847,0.22131147540983606,0.00546448087431694,"Davidson, TN"
61,44,33,0.9853372434017595,0.01466275659824047,0.0,"DeKalb, TN"
117,42,23,0.9458689458689459,0.05128205128205128,0.002849002849002849,"Dyer, TN"
151,55,40,0.7972602739726027,0.2,0.0,"Hamilton, TN"
74,48,37,0.9666666666666667,0.03333333333333333,0.0,"Jefferson, TN"
90,55,38,0.8169398907103825,0.1830601092896175,0.0,"Knox, TN"
72,37,20,0.9665738161559888,0.033426183844011144,0.0,"Lawrence, TN"
97,49,34,0.9207650273224044,0.07923497267759563,0.0,"Loudon, TN"
108,42,25,0.943502824858757,0.05367231638418079,0.002824858757062147,"Madison, TN"
91,42,22,0.9658119658119658,0.03418803418803419,0.0,"Maury, TN"
88,47,28,0.9134078212290503,0.08659217877094973,0.0,"McMinn, TN"
116,44,26,0.947075208913649,0.04735376044568245,0.005571030640668524,"Montgomery, TN"
105,40,23,0.9610027855153204,0.036211699164345405,0.002785515320334262,"Putnam, TN"
91,46,26,0.9349112426035503,0.0650887573964497,0.0,"Roane, TN"
105,49,40,0.9256198347107438,0.07162534435261708,0.0027548209366391185,"Sevier, TN"
152,61,44,0.7185792349726776,0.2786885245901639,0.0,"Shelby, TN"
80,48,34,0.9562841530054644,0.04371584699453552,0.0,"Sullivan, TN"
121,52,37,0.8777777777777778,0.11944444444444445,0.002777777777777778,"Sumner, TN"
71,47,37,0.9585062240663901,0.04149377593360996,0.0,"Williamson, TN"
64,45,33,0.9795918367346939,0.02040816326530612,0.0,"Wilson, TN"
156,60,29,0.8364485981308412,0.1588785046728972,0.0,"Atascosa, TX"
135,61,40,0.8005464480874317,0.19672131147540983,0.00273224043715847,"Bell, TX"
158,77,49,0.5409836065573771,0.43169398907103823,0.02459016393442623,"Bexar, TX"
127,56,36,0.7541899441340782,0.2430167597765363,0.002793296089385475,"Bowie, TX"
182,51,33,0.8986301369863013,0.09315068493150686,0.005479452054794521,"Brazoria, TX"
99,52,30,0.8679867986798679,0.132013201320132,0.0,"Brazos, TX"
80,50,40,0.9194444444444444,0.08055555555555556,0.0,"Brewster, TX"
176,70,43,0.6475409836065574,0.32786885245901637,0.01639344262295082,"Cameron, TX"
154,54,37,0.8684931506849315,0.1232876712328767,0.005479452054794521,"Collin, TX"
112,80,45,0.6417910447761194,0.32338308457711445,0.03482587064676617,"Culberson, TX"
135,67,42,0.7431693989071039,0.24043715846994534,0.01639344262295082,"Dallas, TX"
142,71,40,0.7568306010928961,0.22131147540983606,0.02185792349726776,"Denton, TX"
95,51,27,0.8988439306358381,0.10115606936416185,0.0,"Ector, TX"
192,89,55,0.3907103825136612,0.5573770491803278,0.04644808743169399,"El Paso, TX"
125,58,39,0.8169398907103825,0.18032786885245902,0.00273224043715847,"Ellis, TX"
143,63,40,0.7638888888888888,0.22777777777777777,0.008333333333333333,"Galveston, TX"
74,44,31,0.9834710743801653,0.01652892561983471,0.0,"Gregg, TX"
179,80,50,0.5027322404371585,0.45081967213114754,0.040983606557377046,"Harris, TX"
100,51,35,0.8870523415977961,0.11294765840220386,0.0,"Harrison, TX"
155,65,37,0.7377049180327869,0.24863387978142076,0.00819672131147541,"Hidalgo, TX"
100,48,33,0.9243697478991597,0.07563025210084033,0.0,"Hood, TX"
87,45,32,0.9590163934426229,0.040983606557377046,0.0,"Hunt, TX"
122,62,40,0.7410468319559229,0.2534435261707989,0.005509641873278237,"Jefferson, TX"
105,50,34,0.9169054441260746,0.07736389684813753,0.0057306590257879654,"Johnson, TX"
32,17,6,1.0,0.0,0.0,"Karnes, TX"
134,56,37,0.8524590163934426,0.1448087431693989,0.00273224043715847,"Kaufman, TX"
168,66,35,0.7272727272727273,0.2545454545454545,0.012121212121212121,"Kleberg, TX"
81,40,20,0.9346590909090909,0.06534090909090909,0.0,"Lubbock, TX"
160,56,27,0.8414985590778098,0.15561959654178675,0.0,"Maverick, TX"
97,50,38,0.9016393442622951,0.09836065573770492,0.0,"McLennan, TX"
129,62,40,0.76775956284153,0.2103825136612022,0.02185792349726776,"Montgomery, TX"
113,53,37,0.8497267759562842,0.1448087431693989,0.00546448087431694,"Navarro, TX"
159,64,40,0.7568306010928961,0.23770491803278687,0.0,"Nueces, TX"
103,58,39,0.7845303867403315,0.20994475138121546,0.0055248618784530384,"Orange, TX"
115,50,35,0.914364640883978,0.08287292817679558,0.0027624309392265192,"Parker, TX"
71,43,31,0.975,0.025,0.0,"Polk, TX"
84,38,20,0.9501466275659824,0.04985337243401759,0.0,"Potter, TX"
90,64,42,0.7759103641456583,0.22408963585434175,0.0,"Randall, TX"
133,45,32,0.9504132231404959,0.046831955922865015,0.0027548209366391185,"Rockwall, TX"
84,46,33,0.9617486338797814,0.03825136612021858,0.0,"Smith, TX"
159,77,45,0.6502732240437158,0.30601092896174864,0.03551912568306011,"Tarrant, TX"
153,63,44,0.7103825136612022,0.28415300546448086,0.00273224043715847,"Travis, TX"
100,47,31,0.9361702127659575,0.06382978723404255,0.0,"Victoria, TX"
160,65,41,0.73224043715847,0.25956284153005466,0.00546448087431694,"Webb, TX"
34,18,7,1.0,0.0,0.0,"Wilson, TX"
147,51,40,0.8901408450704226,0.10140845070422536,0.008450704225352112,"Box Elder, UT"
159,71,44,0.6885245901639344,0.28688524590163933,0.01366120218579235,"Cache, UT"
93,51,43,0.88,0.12,0.0,"Carbon, UT"
155,77,44,0.6612021857923497,0.3005464480874317,0.03551912568306011,"Davis, UT"
125,64,45,0.726775956284153,0.25956284153005466,0.01366120218579235,"Duchesne, UT"
74,50,42,0.9095890410958904,0.09041095890410959,0.0,"Garfield, UT"
86,50,40,0.907103825136612,0.09289617486338798,0.0,"Iron, UT"
194,87,50,0.5245901639344263,0.4207650273224044,0.04918032786885246,"Salt Lake, UT"
108,54,43,0.8693181818181818,0.125,0.005681818181818182,"San Juan, UT"
159,67,42,0.7595628415300546,0.226775956284153,0.01092896174863388,"Tooele, UT"
119,65,45,0.6967213114754098,0.29508196721311475,0.00819672131147541,"Uintah, UT"
150,77,45,0.6475409836065574,0.33879781420765026,0.01366120218579235,"Utah, UT"
112,61,44,0.7978142076502732,0.19398907103825136,0.00819672131147541,"Washington, UT"
66,28,8,0.9741379310344828,0.02586206896551724,0.0,"Wayne, UT"
140,71,44,0.7049180327868853,0.2786885245901639,0.01639344262295082,"Weber, UT"
70,45,35,0.9508196721311475,0.04918032786885246,0.0,"Bennington, VT"
98,47,36,0.9180327868852459,0.08196721311475409,0.0,"Chittenden, VT"
96,51,37,0.8989071038251366,0.10109289617486339,0.0,"Rutland, VT"
31,19,9,1.0,0.0,0.0,"Windham, VT"
66,47,35,0.9559228650137741,0.0440771349862259,0.0,"Albemarle, VA"
90,46,33,0.9371584699453552,0.06284153005464481,0.0,"Arlington, VA"
55,43,24,0.9655172413793104,0.034482758620689655,0.0,"Bristol City, VA"
64,45,34,0.9872340425531915,0.01276595744680851,0.0,"Caroline, VA"
15,12,7,1.0,0.0,0.0,"Carroll, VA"
67,44,31,0.9917582417582418,0.008241758241758242,0.0,"Charles, VA"
61,44,32,0.992831541218638,0.007168458781362007,0.0,"Chesterfield, VA"
100,54,38,0.855191256830601,0.1448087431693989,0.0,"Fairfax, VA"
61,42,31,0.9958677685950413,0.004132231404958678,0.0,"Fauquier, VA"
78,45,35,0.9407894736842105,0.05921052631578947,0.0,"Frederick, VA"
67,45,36,0.9853801169590644,0.014619883040935672,0.0,"Giles, VA"
64,45,34,0.9644808743169399,0.03551912568306011,0.0,"Hampton City, VA"
64,45,34,0.9918367346938776,0.00816326530612245,0.0,"Hanover, VA"
71,48,36,0.9234972677595629,0.07650273224043716,0.0,"Henrico, VA"
15,13,6,1.0,0.0,0.0,"Hopewell City, VA"
108,45,33,0.9644808743169399,0.03278688524590164,0.00273224043715847,"Loudoun, VA"
54,38,21,0.990909090909091,0.00909090909090909,0.0,"Lynchburg City, VA"
54,45,37,0.9944903581267218,0.005509641873278237,0.0,"Madison, VA"
60,31,17,0.9917808219178083,0.00821917808219178,0.0,"Norfolk City, VA"
49,42,30,1.0,0.0,0.0,"Prince Edward, VA"
74,44,32,0.9807692307692307,0.019230769230769232,0.0,"Prince William, VA"
77,44,29,0.9478021978021978,0.0521978021978022,0.0,"Richmond City, VA"
69,48,35,0.9234972677595629,0.07650273224043716,0.0,"Roanoke, VA"
49,42,30,1.0,0.0,0.0,"Rockbridge, VA"
74,44,32,0.9807162534435262,0.01928374655647383,0.0,"Rockingham, VA"
66,42,23,0.9636363636363636,0.03636363636363636,0.0,"Salem City, VA"
84,44,32,0.9861878453038674,0.013812154696132596,0.0,"Stafford, VA"
67,44,36,0.9877049180327869,0.012295081967213115,0.0,"Suffolk City, VA"
71,45,23,0.944954128440367,0.05504587155963303,0.0,"Virginia Beach City, VA"
18,12,6,1.0,0.0,0.0,"Winchester City, VA"
61,45,34,0.9914893617021276,0.00851063829787234,0.0,"Wythe, VA"
241,33,13,0.9725274725274725,0.005494505494505495,0.0,"Adams, WA"
289,62,29,0.7514285714285714,0.22285714285714286,0.005714285714285714,"Asotin, WA"
908,54,33,0.8684931506849315,0.09863013698630137,0.00821917808219178,"Benton, WA"
489,54,21,0.8497267759562842,0.11748633879781421,0.00273224043715847,"Chelan, WA"
309,47,33,0.9153005464480874,0.06557377049180328,0.00273224043715847,"Clallam, WA"
509,58,27,0.8524590163934426,0.12295081967213115,0.00273224043715847,"Clark, WA"
233,41,18,0.9561643835616438,0.021917808219178082,0.0,"Columbia, WA"
257,38,16,0.9508196721311475,0.02459016393442623,0.00273224043715847,"Cowlitz, WA"
260,34,14,0.9553571428571429,0.020833333333333332,0.0,"Franklin, WA"
228,36,15,0.9432835820895522,0.029850746268656716,0.005970149253731343,"Garfield, WA"
283,39,16,0.9453551912568307,0.0273224043715847,0.00546448087431694,"Grant, WA"
218,38,20,0.9453551912568307,0.03278688524590164,0.00273224043715847,"Grays Harbor, WA"
208,33,18,0.9676470588235294,0.008823529411764706,0.0058823529411764705,"Jefferson, WA"
275,62,36,0.8114754098360656,0.1557377049180328,0.00819672131147541,"King, WA"
221,38,18,0.9418282548476454,0.0332409972299169,0.008310249307479225,"Kitsap, WA"
459,54,18,0.8767123287671232,0.09315068493150686,0.005479452054794521,"Kittitas, WA"
669,39,17,0.949685534591195,0.0220125786163522,0.0,"Klickitat, WA"
233,34,19,0.9671641791044776,0.029850746268656716,0.0,"Lewis, WA"
324,41,18,0.9243697478991597,0.05042016806722689,0.0056022408963585435,"Mason, WA"
423,71,35,0.6557377049180327,0.3087431693989071,0.00273224043715847,"Okanogan, WA"
59,53,35,0.9,0.1,0.0,"Pend Oreille, WA"
231,62,40,0.8032786885245902,0.16666666666666666,0.01092896174863388,"Pierce, WA"
52,31,16,0.9889705882352942,0.011029411764705883,0.0,"Skagit, WA"
225,64,30,0.7978142076502732,0.17486338797814208,0.00819672131147541,"Snohomish, WA"
479,52,33,0.8825136612021858,0.09836065573770492,0.0,"Spokane, WA"
536,63,32,0.7349726775956285,0.24043715846994534,0.00273224043715847,"Stevens, WA"
217,44,25,0.9289617486338798,0.05191256830601093,0.0,"Thurston, WA"
819,50,22,0.9016393442622951,0.07377049180327869,0.0,"Walla Walla, WA"
212,39,21,0.9644808743169399,0.01092896174863388,0.00546448087431694,"Whatcom, WA"
212,35,15,0.9617486338797814,0.01639344262295082,0.00273224043715847,"Whitman, WA"
465,76,35,0.6775956284153005,0.2814207650273224,0.01639344262295082,"Yakima, WA"
95,48,36,0.9388489208633094,0.06115107913669065,0.0,"Berkeley, WV"
75,40,17,0.9344262295081968,0.06557377049180328,0.0,"Brooke, WV"
100,47,36,0.9507042253521126,0.04929577464788732,0.0,"Cabell, WV"
49,41,29,1.0,0.0,0.0,"Gilmer, WV"
54,44,34,0.9914529914529915,0.008547008547008548,0.0,"Greenbrier, WV"
133,51,36,0.8990228013029316,0.09771986970684039,0.003257328990228013,"Hancock, WV"
78,43,26,0.9322033898305084,0.06779661016949153,0.0,"Harrison, WV"
84,48,37,0.9344262295081968,0.06557377049180328,0.0,"Kanawha, WV"
67,47,26,0.9324324324324325,0.06756756756756757,0.0,"Marion, WV"
68,51,31,0.8983050847457628,0.1016949152542373,0.0,"Marshall, WV"
90,47,37,0.948905109489051,0.051094890510948905,0.0,"Monongalia, WV"
101,51,38,0.8905109489051095,0.10583941605839416,0.0036496350364963502,"Ohio, WV"
51,44,33,0.9944289693593314,0.005571030640668524,0.0,"Tucker, WV"
80,47,35,0.9328621908127208,0.06713780918727916,0.0,"Wood, WV"
71,43,32,0.9672131147540983,0.03278688524590164,0.0,"Ashland, WI"
119,55,35,0.8524590163934426,0.1448087431693989,0.00273224043715847,"Brown, WI"
115,48,38,0.9211822660098522,0.059113300492610835,0.019704433497536946,"Columbia, WI"
112,59,39,0.7814207650273224,0.21311475409836064,0.00546448087431694,"Dane, WI"
136,56,38,0.8114754098360656,0.1830601092896175,0.00546448087431694,"Dodge, WI"
150,51,36,0.8975609756097561,0.08292682926829269,0.01951219512195122,"Door, WI"
93,54,37,0.8524590163934426,0.14754098360655737,0.0,"Eau Claire, WI"
115,46,36,0.9463414634146341,0.04390243902439024,0.00975609756097561,"Fond du Lac, WI"
93,47,35,0.9234972677595629,0.07650273224043716,0.0,"Forest, WI"
82,55,30,0.8448753462603878,0.15512465373961218,0.0,"Grant, WI"
136,51,38,0.9,0.08095238095238096,0.01904761904761905,"Jefferson, WI"
197,67,40,0.7728531855955678,0.19667590027700832,0.027700831024930747,"Kenosha, WI"
97,47,34,0.9420289855072463,0.057971014492753624,0.0,"Kewaunee, WI"
93,54,37,0.8351648351648352,0.16483516483516483,0.0,"La Crosse, WI"
136,58,36,0.8802083333333334,0.09895833333333333,0.020833333333333332,"Manitowoc, WI"
74,45,31,0.9698492462311558,0.03015075376884422,0.0,"Marathon, WI"
169,67,40,0.73224043715847,0.2540983606557377,0.01092896174863388,"Milwaukee, WI"
126,56,36,0.8387978142076503,0.1557377049180328,0.00546448087431694,"Outagamie, WI"
164,59,35,0.8301369863013699,0.15616438356164383,0.010958904109589041,"Ozaukee, WI"
172,67,38,0.8140703517587939,0.1457286432160804,0.035175879396984924,"Racine, WI"
105,49,38,0.9142857142857143,0.07142857142857142,0.014285714285714285,"Rock, WI"
112,54,36,0.8579234972677595,0.13934426229508196,0.00273224043715847,"Sauk, WI"
159,74,39,0.821256038647343,0.1497584541062802,0.01932367149758454,"Sheboygan, WI"
78,49,35,0.9180327868852459,0.08196721311475409,0.0,"Taylor, WI"
84,46,30,0.9590163934426229,0.040983606557377046,0.0,"Vilas, WI"
136,50,39,0.9090909090909091,0.0707070707070707,0.020202020202020204,"Walworth, WI"
129,60,39,0.7632311977715878,0.23119777158774374,0.005571030640668524,"Waukesha, WI"
177,71,46,0.6912568306010929,0.28415300546448086,0.01912568306010929,"Albany, WY"
126,46,38,0.9721448467966574,0.022284122562674095,0.005571030640668524,"Big Horn, WY"
124,68,44,0.674863387978142,0.31693989071038253,0.00819672131147541,"Campbell, WY"
31,21,8,1.0,0.0,0.0,"Carbon, WY"
129,60,42,0.8306010928961749,0.15846994535519127,0.01092896174863388,"Converse, WY"
158,58,45,0.8087431693989071,0.17486338797814208,0.01366120218579235,"Fremont, WY"
93,50,40,0.9258241758241759,0.07417582417582418,0.0,"Johnson, WY"
157,54,39,0.8797814207650273,0.10655737704918032,0.00819672131147541,"Laramie, WY"
71,34,15,0.9754098360655737,0.02459016393442623,0.0,"Lincoln, WY"
124,52,41,0.8770491803278688,0.11202185792349727,0.01092896174863388,"Natrona, WY"
113,30,11,0.9426229508196722,0.040983606557377046,0.01639344262295082,"Park, WY"
283,50,19,0.9017857142857143,0.08928571428571429,0.004464285714285714,"Platte, WY"
100,47,39,0.9398907103825137,0.060109289617486336,0.0,"Sheridan, WY"
151,61,44,0.8114754098360656,0.17486338797814208,0.01092896174863388,"Sublette, WY"
1250,76,46,0.6502732240437158,0.31693989071038253,0.01912568306010929,"Sweetwater, WY"
161,54,42,0.8688524590163934,0.09836065573770492,0.01912568306010929,"Teton, WY"
122,51,40,0.8825136612021858,0.11202185792349727,0.00546448087431694,"Uinta, WY"
119,49,40,0.9150141643059491,0.0821529745042493,0.0028328611898017,"Weston, WY"
